{
  "overall": {
    "TP": 33,
    "FP": 7,
    "FN": 33,
    "precision": 0.825,
    "recall": 0.5,
    "f1": 0.6226415094339622
  },
  "per_label": {
    "LOC": {
      "TP": 21,
      "FP": 2,
      "FN": 2,
      "precision": 0.9130434782608695,
      "recall": 0.9130434782608695,
      "f1": 0.9130434782608695
    },
    "ORG": {
      "TP": 5,
      "FP": 4,
      "FN": 8,
      "precision": 0.5555555555555556,
      "recall": 0.38461538461538464,
      "f1": 0.4545454545454546
    },
    "PERCENT": {
      "TP": 0,
      "FP": 0,
      "FN": 2,
      "precision": 0.0,
      "recall": 0.0,
      "f1": 0.0
    },
    "QUANTITY": {
      "TP": 0,
      "FP": 0,
      "FN": 4,
      "precision": 0.0,
      "recall": 0.0,
      "f1": 0.0
    },
    "PRODUCT": {
      "TP": 0,
      "FP": 0,
      "FN": 8,
      "precision": 0.0,
      "recall": 0.0,
      "f1": 0.0
    },
    "PER": {
      "TP": 7,
      "FP": 1,
      "FN": 4,
      "precision": 0.875,
      "recall": 0.6363636363636364,
      "f1": 0.7368421052631579
    },
    "DATE": {
      "TP": 0,
      "FP": 0,
      "FN": 2,
      "precision": 0.0,
      "recall": 0.0,
      "f1": 0.0
    },
    "TITLE": {
      "TP": 0,
      "FP": 0,
      "FN": 2,
      "precision": 0.0,
      "recall": 0.0,
      "f1": 0.0
    },
    "MONEY": {
      "TP": 0,
      "FP": 0,
      "FN": 1,
      "precision": 0.0,
      "recall": 0.0,
      "f1": 0.0
    }
  }
}