{
  "overall": {
    "TP": 52,
    "FP": 5,
    "FN": 14,
    "precision": 0.9122807017543859,
    "recall": 0.7878787878787878,
    "f1": 0.8455284552845528
  },
  "per_label": {
    "LOC": {
      "TP": 21,
      "FP": 2,
      "FN": 2,
      "precision": 0.9130434782608695,
      "recall": 0.9130434782608695,
      "f1": 0.9130434782608695
    },
    "ORG": {
      "TP": 5,
      "FP": 2,
      "FN": 8,
      "precision": 0.7142857142857143,
      "recall": 0.38461538461538464,
      "f1": 0.5
    },
    "PERCENT": {
      "TP": 2,
      "FP": 0,
      "FN": 0,
      "precision": 1.0,
      "recall": 1.0,
      "f1": 1.0
    },
    "PRODUCT": {
      "TP": 8,
      "FP": 0,
      "FN": 0,
      "precision": 1.0,
      "recall": 1.0,
      "f1": 1.0
    },
    "QUANTITY": {
      "TP": 4,
      "FP": 0,
      "FN": 0,
      "precision": 1.0,
      "recall": 1.0,
      "f1": 1.0
    },
    "PER": {
      "TP": 7,
      "FP": 1,
      "FN": 4,
      "precision": 0.875,
      "recall": 0.6363636363636364,
      "f1": 0.7368421052631579
    },
    "DATE": {
      "TP": 2,
      "FP": 0,
      "FN": 0,
      "precision": 1.0,
      "recall": 1.0,
      "f1": 1.0
    },
    "TITLE": {
      "TP": 2,
      "FP": 0,
      "FN": 0,
      "precision": 1.0,
      "recall": 1.0,
      "f1": 1.0
    },
    "MONEY": {
      "TP": 1,
      "FP": 0,
      "FN": 0,
      "precision": 1.0,
      "recall": 1.0,
      "f1": 1.0
    }
  }
}